2015/03/23 17:54:57,118
2015/03/26 16:44:49,102
2015/03/26 16:54:44,103
2015/03/26 17:04:44,105
2015/03/26 17:24:44,108
2015/03/26 17:34:44,109
2015/03/26 17:44:44,111
2015/03/26 18:14:44,112
2015/03/26 18:33:00,113
2015/03/26 19:24:44,114
2015/03/26 20:04:44,115
2015/03/26 20:54:44,116
2015/03/27 20:33:00,119
2015/03/27 23:27:35,120
2015/03/28 00:58:06,104
2015/03/28 01:00:55,105
2015/03/28 16:59:54,117
2015/03/28 18:48:56,118
2015/03/28 22:11:27,119
2015/03/28 23:43:49,120
2015/03/29 16:20:51,109
2015/03/29 16:27:29,110
2015/03/29 20:18:49,114
2015/03/29 21:26:22,115
2015/03/31 13:34:26,119
2015/03/31 21:15:50,109
2015/03/31 21:39:24,110
2015/03/31 21:49:52,111
