2015/03/26 12:19:32,11228
2015/03/26 12:49:28,11229
2015/03/26 13:49:28,11230
2015/03/26 16:44:49,11233
2015/03/26 17:44:44,11234
2015/03/26 18:44:44,11235
2015/03/26 19:44:44,11236
2015/03/26 20:44:44,11237
2015/03/27 20:33:00,11260
2015/03/27 21:36:52,11261
2015/03/27 22:01:47,11262
2015/03/27 23:27:35,11263
2015/03/27 23:55:06,11264
2015/03/28 00:44:20,11265
2015/03/28 01:48:19,11266
2015/03/28 16:59:54,11281
2015/03/28 18:48:56,11283
2015/03/28 19:45:43,11284
2015/03/28 20:50:53,11285
2015/03/28 21:51:23,11286
2015/03/28 23:43:49,11288
2015/03/29 16:20:51,11303
